001	ANSI Cで書かれた、きわめて軽量なJSONパーサーです。
037	cJSONは、必要な仕事をこなせる限り、できるだけ単純なパーサーを目指しています。Cのソースファイル1個とヘッダーファイル1個で構成されています。
038	JSONについては http://www.json.org/ の説明が最も適しています。XMLに似ていますが、余分なものをそぎ落としています。データの受け渡しや保存、あるいはプログラムの状態を表すために使います。
039	ライブラリとしてのcJSONは、できるだけ手間を減らしつつ、使い手の邪魔にならないことを目指しています。実用上の話として（厳密さはさておき）、自動と手動の2つのモードで使える、と言っておきましょう。簡単に見ていきます。
040	このページからJSONの例を借りてきました: http://www.json.org/fatfree.html 。そのページに触発され、JSONそのものと同じ考え方を共有しようとするパーサー、cJSONを書きました。簡単で単純、そして邪魔にならないものです。
042	cJSONをプロジェクトに組み込む方法はいくつかあります。
044	ライブラリ全体がCファイル1個とヘッダーファイル1個だけなので、<code>cJSON.h</code>と<code>cJSON.c</code>をプロジェクトのソースへコピーするだけで使い始められます。
045	できるだけ多くのプラットフォームとコンパイラーに対応するため、cJSONはANSI C（C89）で書かれています。
047	CMakeを使うと、cJSONの本格的なビルドシステムを利用でき、最も多くの機能が使えます。CMakeは2.8.5以降に対応しています。CMakeでは、コンパイルしたファイルをソースとは別のディレクトリに置く、ソースツリー外でのビルドを推奨します。Unix環境でCMakeを使ってcJSONをビルドするには、<code>build</code>ディレクトリを作成し、その中でCMakeを実行します。
048	これでMakefileなどのファイルが作成されます。続いてコンパイルできます。
049	必要なら<code>make install</code>でインストールできます。既定では、ヘッダーは<code>/usr/local/include/cjson</code>に、ライブラリは<code>/usr/local/lib</code>にインストールされます。また、既存のCMakeのインストールを検出して使用しやすくするためのpkg-config用ファイルもインストールします。さらに、CMakeを使う他のプロジェクトからライブラリを見つけられるよう、CMake設定ファイルもインストールします。
050	CMakeに渡す次のオプションでビルド手順を変更できます。有効にするには<code>On</code>、無効にするには<code>Off</code>を指定します。
051	<code>-DENABLE_CJSON_TEST=On</code>: テストのビルドを有効にします。（既定で有効）
052	<code>-DENABLE_CJSON_UTILS=On</code>: cJSON_Utilsのビルドを有効にします。（既定で無効）
053	<code>-DENABLE_TARGET_EXPORT=On</code>: CMakeターゲットのエクスポートを有効にします。問題が起きる場合は無効にしてください。（既定で有効）
054	<code>-DENABLE_CUSTOM_COMPILER_FLAGS=On</code>: 独自のコンパイラーフラグを有効にします。現在はClang、GCC、MSVCが対象です。問題が起きる場合は無効にしてください。（既定で有効）
055	<code>-DENABLE_VALGRIND=On</code>: <a href="http://valgrind.org">valgrind</a>を使ってテストを実行します。（既定で無効）
056	<code>-DENABLE_SANITIZERS=On</code>: 可能であれば<a href="https://github.com/google/sanitizers/wiki/AddressSanitizer">AddressSanitizer</a>と<a href="https://clang.llvm.org/docs/UndefinedBehaviorSanitizer.html">UndefinedBehaviorSanitizer</a>を有効にしてcJSONをコンパイルします。（既定で無効）
057	<code>-DENABLE_SAFE_STACK</code>: <a href="https://clang.llvm.org/docs/SafeStack.html">SafeStack</a>による計装処理を有効にします。現在はClangコンパイラーでのみ動作します。（既定で無効）
058	<code>-DBUILD_SHARED_LIBS=On</code>: 共有ライブラリをビルドします。（既定で有効）
059	<code>-DBUILD_SHARED_AND_STATIC_LIBS=On</code>: 共有ライブラリと静的ライブラリの両方をビルドします。（既定で無効）
060	<code>-DCMAKE_INSTALL_PREFIX=/usr</code>: インストール先のプレフィックスを設定します。
061	<code>-DENABLE_LOCALES=On</code>: localeconvメソッドの使用を有効にします。（既定で有効）
062	<code>-DCJSON_OVERRIDE_BUILD_SHARED_LIBS=On</code>: <code>-DCJSON_BUILD_SHARED_LIBS</code>による<code>BUILD_SHARED_LIBS</code>の値の上書きを有効にします。
063	<code>-DENABLE_CJSON_VERSION_SO</code>: cJSONのsoバージョンを有効にします。（既定で有効）
064	Linuxディストリビューション向けにcJSONをパッケージ化する場合は、例えば次の手順を使うでしょう。
065	Windowsでは通常、Visual Studioの開発者コマンドプロンプト内でCMakeを実行し、Visual Studioソリューションファイルを作成します。具体的な手順はCMakeとMicrosoftの公式文書を参照し、好みの検索エンジンで調べてください。上記オプションの説明は概ね当てはまりますが、すべてがWindowsで動くわけではありません。
067	<strong>注意:</strong> この方法は非推奨です。可能な限りCMakeを使ってください。Makefileのサポートは不具合修正に限られます。
068	CMakeがなくてもGNU makeがあれば、Makefileを使ってcJSONをビルドできます。
069	ソースコードのディレクトリでこのコマンドを実行すると、静的・共有ライブラリと小さなテストプログラムが自動的にコンパイルされます。完全なテストスイートではありません。
070	必要なら<code>make install</code>でコンパイル済みライブラリをシステムにインストールできます。既定では、ヘッダーは<code>/usr/local/include/cjson</code>、ライブラリは<code>/usr/local/lib</code>にインストールされます。<code>PREFIX</code>と<code>DESTDIR</code>変数を設定すれば、この動作を変更できます: <code>make PREFIX=/usr DESTDIR=temp install</code>。アンインストールには<code>make PREFIX=/usr DESTDIR=temp uninstall</code>を使います。
072	Mesonを使うプロジェクトでcjsonを利用するには、libcjsonへの依存関係を組み込む必要があります。
074	依存関係マネージャー<a href="https://github.com/Microsoft/vcpkg">vcpkg</a>を使ってcJSONをダウンロードし、インストールできます。
075	vcpkgのcJSONポートは、Microsoftのチームメンバーとコミュニティの貢献者が最新の状態に保っています。バージョンが古い場合は、vcpkgリポジトリで<a href="https://github.com/Microsoft/vcpkg">Issueまたはプルリクエストを作成</a>してください。
077	CMakeまたはMakefileでインストールした場合は、次のようにcJSONをインクルードできます。
079	cJSONは、<code>cJSON</code>構造体型を使ってJSONデータを表します。
080	この型の要素はJSONの値を表します。型は<code>type</code>にビットフラグとして格納されます。（<strong>つまり、<code>type</code>の値を単純に比較するだけでは型を判定できません。</strong>）
081	要素の型を調べるには、対応する<code>cJSON_Is...</code>関数を使います。この関数は<code>NULL</code>チェックの後に型をチェックし、要素がその型かどうかを真偽値で返します。
082	型には次のいずれかを使用できます。
083	<code>cJSON_Invalid</code>（<code>cJSON_IsInvalid</code>で確認）: 値を持たない無効な要素を表します。要素の全バイトをゼロにすると、自動的にこの型になります。
084	<code>cJSON_False</code>（<code>cJSON_IsFalse</code>で確認）: 真偽値<code>false</code>を表します。真偽値全般の確認には<code>cJSON_IsBool</code>も使えます。
085	<code>cJSON_True</code>（<code>cJSON_IsTrue</code>で確認）: 真偽値<code>true</code>を表します。真偽値全般の確認には<code>cJSON_IsBool</code>も使えます。
086	<code>cJSON_NULL</code>（<code>cJSON_IsNull</code>で確認）: <code>null</code>値を表します。
087	<code>cJSON_Number</code>（<code>cJSON_IsNumber</code>で確認）: 数値を表します。値は<code>valuedouble</code>にdoubleとして格納され、<code>valueint</code>にも格納されます。整数の範囲を超える場合、<code>valueint</code>には<code>INT_MAX</code>または<code>INT_MIN</code>が使われます。
088	<code>cJSON_String</code>（<code>cJSON_IsString</code>で確認）: 文字列を表します。ゼロ終端文字列の形で<code>valuestring</code>に格納されます。
089	<code>cJSON_Array</code>（<code>cJSON_IsArray</code>で確認）: 配列を表します。<code>child</code>が配列の値を表す<code>cJSON</code>要素の連結リストを指すことで実装されています。要素は<code>next</code>と<code>prev</code>でつながれ、先頭要素は<code>prev.next == NULL</code>、末尾要素は<code>next == NULL</code>となります。
090	<code>cJSON_Object</code>（<code>cJSON_IsObject</code>で確認）: オブジェクトを表します。配列と同じ方法で格納されますが、要素がキーを<code>string</code>に格納する点だけが異なります。
091	<code>cJSON_Raw</code>（<code>cJSON_IsRaw</code>で確認）: <code>valuestring</code>にゼロ終端の文字配列として格納された、任意のJSONを表します。例えば、同じ静的JSONを何度も出力するのを避けて性能を高めるために使えます。cJSONは解析時にこの型を生成することはありません。また、有効なJSONかどうかのチェックも行いません。
092	さらに、次の2つのフラグがあります。
093	<code>cJSON_IsReference</code>: <code>child</code>が指す要素、または<code>valuestring</code>、あるいはその両方を、この要素が所有していないことを示します。これらは参照にすぎません。そのため<code>cJSON_Delete</code>などの関数は、この要素だけを解放し、<code>child</code>や<code>valuestring</code>は解放しません。
094	<code>cJSON_StringIsConst</code>: <code>string</code>が定数文字列を指していることを意味します。<code>cJSON_Delete</code>などの関数は<code>string</code>を解放しようとしません。
096	値の型ごとに、その型の要素を作成する<code>cJSON_Create...</code>関数があります。これらの関数はすべて、後から<code>cJSON_Delete</code>で削除できる<code>cJSON</code>構造体を割り当てます。いずれかの時点で削除しなければ、メモリーリークが起きることに注意してください。<br /><strong>重要</strong>: 要素をすでに配列やオブジェクトに追加した場合、その要素を<code>cJSON_Delete</code>で<strong>削除してはいけません</strong>。追加によって所有権が移り、配列やオブジェクトが削除される際に、その要素も削除されます。<code>cJSON_SetValuestring</code>で<code>cJSON_String</code>の<code>valuestring</code>を変更することもでき、その場合は以前の<code>valuestring</code>を手動で解放する必要はありません。
098	<strong>null</strong>は<code>cJSON_CreateNull</code>で作成します。
099	<strong>真偽値</strong>は<code>cJSON_CreateTrue</code>、<code>cJSON_CreateFalse</code>または<code>cJSON_CreateBool</code>で作成します。
100	<strong>数値</strong>は<code>cJSON_CreateNumber</code>で作成します。<code>valuedouble</code>と<code>valueint</code>の両方が設定されます。整数の範囲を超える場合、<code>valueint</code>には<code>INT_MAX</code>または<code>INT_MIN</code>が使われます。
101	<strong>文字列</strong>は<code>cJSON_CreateString</code>（文字列をコピー）または<code>cJSON_CreateStringReference</code>（文字列を直接参照）で作成します。後者では<code>cJSON_Delete</code>で<code>valuestring</code>が削除されず、その寿命の管理は利用者の責任となります。定数に便利です。
103	空の配列は<code>cJSON_CreateArray</code>で作成できます。<code>cJSON_CreateArrayReference</code>は、内容を「所有」しない配列を作成するために使えます。その内容は<code>cJSON_Delete</code>で削除されません。
104	配列の末尾に要素を追加するには<code>cJSON_AddItemToArray</code>を使います。<code>cJSON_AddItemReferenceToArray</code>を使うと、別の要素、配列、文字列への参照として要素を追加できます。この場合、<code>cJSON_Delete</code>はその要素の<code>child</code>や<code>valuestring</code>を削除しないので、別の場所ですでに使われていても二重解放は起きません。途中に挿入するには<code>cJSON_InsertItemInArray</code>を使います。指定した0始まりのインデックスに要素を挿入し、既存の要素をすべて右に移動します。
105	指定したインデックスの要素を配列から取り出し、そのまま使い続けるには<code>cJSON_DetachItemFromArray</code>を使います。取り外した要素を返すので、必ずポインターに代入してください。そうしないとメモリーリークが起きます。
106	要素を削除するには<code>cJSON_DeleteItemFromArray</code>を使います。<code>cJSON_DetachItemFromArray</code>と同じように動作しますが、取り外した要素を<code>cJSON_Delete</code>で削除します。
107	配列の要素をその場で置き換えることもできます。インデックスを指定する<code>cJSON_ReplaceItemInArray</code>、または要素へのポインターを渡す<code>cJSON_ReplaceItemViaPointer</code>を使います。<code>cJSON_ReplaceItemViaPointer</code>は失敗すると<code>0</code>を返します。内部では古い要素を取り外して削除し、新しい要素をその位置に挿入します。
108	配列の大きさを得るには<code>cJSON_GetArraySize</code>を使います。指定したインデックスの要素を得るには<code>cJSON_GetArrayItem</code>を使います。
109	配列は連結リストとして格納されるため、インデックスによる反復は効率が悪く、計算量は<code>O(n²)</code>になります。<code>cJSON_ArrayForEach</code>マクロを使えば<code>O(n)</code>で反復できます。
111	空のオブジェクトは<code>cJSON_CreateObject</code>で作成できます。<code>cJSON_CreateObjectReference</code>は、内容を「所有」しないオブジェクトを作成するために使えます。その内容は<code>cJSON_Delete</code>で削除されません。
112	オブジェクトに要素を追加するには<code>cJSON_AddItemToObject</code>を使います。名前（要素のキー、つまり<code>cJSON</code>構造体の<code>string</code>）が定数または参照である要素を追加するには<code>cJSON_AddItemToObjectCS</code>を使います。これにより、その名前は<code>cJSON_Delete</code>で解放されなくなります。<code>cJSON_AddItemReferenceToArray</code>を使うと、別のオブジェクト、配列、文字列への参照として要素を追加できます。この場合、<code>cJSON_Delete</code>はその要素の<code>child</code>や<code>valuestring</code>を削除しないので、別の場所ですでに使われていても二重解放は起きません。
113	要素をオブジェクトから取り出し、そのまま使い続けるには<code>cJSON_DetachItemFromObjectCaseSensitive</code>を使います。取り外した要素を返すので、必ずポインターに代入してください。そうしないとメモリーリークが起きます。
114	要素を削除するには<code>cJSON_DeleteItemFromObjectCaseSensitive</code>を使います。<code>cJSON_DetachItemFromObjectCaseSensitive</code>の後に<code>cJSON_Delete</code>を呼ぶのと同じように動作します。
115	オブジェクトの要素をその場で置き換えることもできます。キーを指定する<code>cJSON_ReplaceItemInObjectCaseSensitive</code>、または要素へのポインターを渡す<code>cJSON_ReplaceItemViaPointer</code>を使います。<code>cJSON_ReplaceItemViaPointer</code>は失敗すると<code>0</code>を返します。内部では古い要素を取り外して削除し、新しい要素をその位置に挿入します。
116	オブジェクトの大きさを得るには<code>cJSON_GetArraySize</code>を使えます。内部ではオブジェクトも配列として格納されているためです。
117	オブジェクトの要素にアクセスするには<code>cJSON_GetObjectItemCaseSensitive</code>を使います。
118	オブジェクトを反復するには、配列と同じ方法で<code>cJSON_ArrayForEach</code>マクロを使えます。
119	cJSONには、<code>cJSON_AddNullToObject</code>など、新しい要素を作成してオブジェクトに追加する便利な補助関数もあります。新しい要素へのポインターを返し、失敗すると<code>NULL</code>を返します。
121	ゼロ終端文字列に入ったJSONは、<code>cJSON_Parse</code>で解析できます。
122	ゼロ終端かどうかにかかわらず、文字列に入ったJSONは<code>cJSON_ParseWithLength</code>で解析できます。
123	JSONを解析し、それを表す<code>cJSON</code>要素の木を割り当てます。関数が戻った後、使い終わった木を<code>cJSON_Delete</code>で解放する責任は、すべて利用者にあります。
124	<code>cJSON_Parse</code>が使うアロケーターは、既定では<code>malloc</code>と<code>free</code>ですが、<code>cJSON_InitHooks</code>でグローバルに変更できます。
125	エラーが起きた場合、入力文字列内のエラー位置へのポインターを<code>cJSON_GetErrorPtr</code>で取得できます。ただし、マルチスレッド環境では競合状態を引き起こす可能性があるため、その場合は<code>return_parse_end</code>を指定して<code>cJSON_ParseWithOpts</code>を使うほうがよいでしょう。既定では、解析されたJSONの後に入力文字列中の文字が残っていてもエラーとはみなしません。
126	さらにオプションが必要なら、<code>cJSON_ParseWithOpts(const char *value, const char **return_parse_end, cJSON_bool require_null_terminated)</code>を使います。<code>return_parse_end</code>は入力文字列中のJSONの終端、またはエラー位置へのポインターを返します。これにより、スレッドセーフな方法で<code>cJSON_GetErrorPtr</code>を置き換えられます。<code>require_null_terminated</code>を<code>1</code>に設定すると、入力文字列にJSONの後のデータがある場合はエラーになります。
127	バッファー長を指定するオプションも必要なら、<code>cJSON_ParseWithLengthOpts(const char *value, size_t buffer_length, const char **return_parse_end, cJSON_bool require_null_terminated)</code>を使います。
129	<code>cJSON</code>要素の木があれば、<code>cJSON_Print</code>で文字列として出力できます。
130	文字列を割り当て、木のJSON表現を書き込みます。関数が戻った後、使い終わった文字列を自身のアロケーターで解放する責任は、すべて利用者にあります。通常は<code>free</code>ですが、<code>cJSON_InitHooks</code>で何を設定したかによって異なります。
131	<code>cJSON_Print</code>は整形用の空白を入れて出力します。整形せずに出力するには<code>cJSON_PrintUnformatted</code>を使います。
132	出力する文字列のおおよその大きさが分かる場合は、<code>cJSON_PrintBuffered(const cJSON *item, int prebuffer, cJSON_bool fmt)</code>を使えます。<code>fmt</code>は空白による整形を有効・無効にする真偽値です。<code>prebuffer</code>は最初のバッファーの大きさを指定します。<code>cJSON_Print</code>では現在、最初のバッファーに256バイトを使います。出力中に空きがなくなると新しいバッファーを割り当て、古い内容をコピーしてから出力を続けます。
133	この動的なバッファー割り当ては、<code>cJSON_PrintPreallocated(cJSON *item, char *buffer, const int length, const cJSON_bool format)</code>で完全に避けられます。書き込み先バッファーへのポインターと、その長さを渡します。長さの限界に達すると出力に失敗して<code>0</code>を返し、成功すると<code>1</code>を返します。ただし、メモリーの容量が十分かどうかの見積もりは完全には正確でないため、実際に必要な量より5バイト多く用意してください。
135	この例では、次のJSONを作成し、解析します。
137	上のJSONを作成し、文字列として出力してみましょう。
138	別の方法として、<code>cJSON_Add...ToObject</code>補助関数を使えば、少し楽になります。
140	この例では、上の形式のJSONを解析し、診断情報を出力しながら、モニターがFull HDの解像度に対応しているか調べます。
141	<code>cJSON_Parse</code>の結果以外にはNULLチェックがないことに注意してください。<code>cJSON_GetObjectItemCaseSensitive</code>がすでに<code>NULL</code>入力をチェックしているため、<code>NULL</code>値はそのまま伝播し、入力が<code>NULL</code>なら<code>cJSON_IsNumber</code>と<code>cJSON_IsString</code>は<code>0</code>を返します。
144	cJSONは、ゼロ文字<code>'\0'</code>または<code>\u0000</code>を含む文字列には対応していません。文字列がゼロ終端であるため、現在のAPIでは扱えません。
146	cJSONはUTF-8でエンコードされた入力にのみ対応しています。ただし、無効なUTF-8入力も、多くの場合は拒否せずそのまま伝播します。入力に無効なUTF-8が含まれていない限り、出力は常に有効なUTF-8になります。
148	cJSONはANSI C（C89、C90とも呼ばれます）で書かれています。コンパイラーやCライブラリがこの規格に従っていない場合、正しい動作は保証されません。
149	注意: ANSI CはC++ではないので、C++コンパイラーでコンパイルするべきではありません。ただし、CコンパイラーでコンパイルしてC++コードとリンクすることはできます。C++コンパイラーでコンパイルして動く場合もありますが、正しい動作は保証されません。
151	cJSONは、IEEE754倍精度浮動小数点数以外の<code>double</code>実装を公式にはサポートしていません。他の実装でも動く可能性はありますが、それらで起きた不具合は無効な報告とみなされます。
152	cJSONが対応する浮動小数点リテラルの長さは、現在、最大63文字です。
154	配列やオブジェクトが深く入れ子になっているとスタックオーバーフローが起きるため、cJSONは深すぎる入れ子に対応していません。これを防ぐため、深さを<code>CJSON_NESTING_LIMIT</code>で制限しています。既定値は1000で、コンパイル時に変更できます。
156	一般に、cJSONは<strong>スレッドセーフではありません</strong>。
157	ただし、次の条件を満たす場合はスレッドセーフです。
158	<code>cJSON_GetErrorPtr</code>を一切使わないこと。代わりに<code>cJSON_ParseWithOpts</code>の<code>return_parse_end</code>パラメーターを使えます。
159	<code>cJSON_InitHooks</code>を呼ぶのは、いずれのスレッドでもcJSONを使い始める前だけであること。
160	cJSON関数のすべての呼び出しが戻るまでは、<code>setlocale</code>を一切呼ばないこと。
162	cJSONは当初、JSON規格に従わず、大文字と小文字を区別していませんでした。規格に準拠した正しい動作が必要なら、利用できる箇所では<code>CaseSensitive</code>関数を使ってください。
164	cJSONは、同じ名前のメンバーが複数あるオブジェクトを含むJSONの解析と出力に対応しています。ただし、<code>cJSON_GetObjectItemCaseSensitive</code>は常に最初の1つだけを返します。
166	Dave Gamble（原作者）
167	Max BrucknerとAlan Wang（現在のメンテナー）
168	その他の<a href="/docs/cjson/v1-7-19/en/02-license/02-contributors/">cJSONの貢献者</a>
170	上には上流の利用ガイド全体を保持しています。以下の編集上の注記では、固定版内の不一致を原文と区別して示します。
171	READMEにはCMake 2.8.5以降と記載されています。同じリリースの<a href="https://github.com/DaveGamble/cJSON/blob/c859b25da02955fef659d658b8f324b5cde87be3/CMakeLists.txt#L2">CMakeLists.txtの2行目</a>ではCMake 3.0を要求しています。1.7.19をビルドする際は、固定版のビルド設定を確認してください。
172	Objectsの段落には<code>cJSON_AddItemReferenceToArray</code>と記載されています。固定版の<a href="https://github.com/DaveGamble/cJSON/blob/c859b25da02955fef659d658b8f324b5cde87be3/cJSON.h#L235-L236">ヘッダーの235〜236行目</a>には、オブジェクトのメンバーキーを含む<code>cJSON_AddItemReferenceToObject(cJSON *object, const char *string, cJSON *item)</code>が別途宣言されています。原文の段落はそのまま保持しています。
173	コード例は公開されたまま掲載しており、ここで実行したり、完全なエラー処理の実装例として検証したりはしていません。<code>create_monitor_with_helpers</code>を静的に確認すると、新しく作成したresolutionは、2回の数値追加が終わった後で初めて親配列に追加されています。先に追加処理が失敗すると、monitorを削除しても、まだ追加されていないそのオブジェクトは解放されません。また、要素を追加する関数の戻り値を確認していない箇所もあります。実運用に使う前に、メモリー割り当ての失敗と所有権を検討してください。
176	原作者:
178	現在のメンテナー:
181	貢献者:
264	<a href="https://sourceforge.net/p/cjson/bugs/search/?q=status%3Aclosed-rejected+or+status%3Aclosed-out-of-date+or+status%3Awont-fix+or+status%3Aclosed-fixed+or+status%3Aclosed&amp;page=0">SourceForge</a>にも、おそらくさらに多くの貢献者がいます。
265	不具合を報告し、新しい機能を提案してくださった皆さんにも感謝します。
